"Stiedemann, Crist and Kovacek"
"Reichert, Walker and Champlin"
Cummerata-Reilly
Considine-Kutch
Roberts LLC
Haley LLC
"O'Connell, Johnson and Langosh"
"Boyer, Shanahan and Kilback"
Leannon LLC
Johns LLC
Haag-Kuhic
Hickle Group
Quigley-Walter
VonRueden-Bernhard
DuBuque Group
"Nicolas, Fisher and Kuvalis"
Daugherty-Beatty
"Hammes, Senger and Yost"
Schroeder Group
Zieme Group
Paucek Group
Wolff Group
"Moen, Graham and Prosacco"
Quigley LLC
"Christiansen, Mann and Hane"
Parisian and Sons
"Ruecker, Graham and Schoen"
Beahan-O'Kon
Bayer-Mayer
Streich Group
Orn LLC
Kerluke-Botsford
Fadel Group
Schuppe-Waelchi
"Shanahan, Russel and Heller"
Emard-Nikolaus
"Ledner, Ernser and Predovic"
"Schaefer, Marquardt and Parker"
"Kulas, Nader and McCullough"
Kirlin LLC
"Auer, Mayert and Cronin"
Schoen-Lang
Botsford and Sons
"Olson, Heidenreich and Langworth"
Toy-Gusikowski
Kub-Terry
Renner-Carroll
Nader-Rath
"Schowalter, Labadie and Jaskolski"
Frami-Graham
"Rempel, Brekke and Gutmann"
Bernier-Murray
Hilll-Quitzon
"Monahan, Wolff and Wiza"
Kub-Pfeffer
Satterfield Inc
Cremin-Batz
"Armstrong, Jast and Haley"
Kling LLC
Huels-Schneider
Watsica-Durgan
Kuphal Inc
Barrows-Purdy
Murray and Sons
Orn Inc
Beahan LLC
Connelly Inc
Hintz LLC
Bednar Inc
"Wuckert, Skiles and Schowalter"
Nitzsche-Huel
Batz LLC
Mitchell-Botsford
"Beatty, Lang and Rosenbaum"
Tremblay-Padberg
"Wyman, Frami and O'Kon"
"Morissette, Hyatt and Hegmann"
MacGyver-Dicki
"Schaden, Lemke and Kuphal"
"Mante, Windler and Murphy"
Ebert LLC
Padberg-Lang
"Heathcote, Stracke and Pagac"
Murphy-Koelpin
Roberts LLC
Barrows-O'Hara
Stroman-Heller
Keeling-Jacobs
"Stark, Batz and Rice"
Heathcote Inc
Goyette Inc
Purdy Group
Koepp Inc
"Terry, Wisozk and Schuster"
Maggio and Sons
Lang and Sons
McDermott-McClure
Murazik Inc
"Heidenreich, Hartmann and McGlynn"
Hudson LLC
Koss-Lehner
Mueller-Nienow
"Kreiger, Kreiger and Larkin"
"Braun, Jacobi and Goyette"
"Stracke, Kulas and Huel"
Fritsch-Connelly
Kulas and Sons
"Kreiger, Effertz and Schaefer"
Mosciski Inc
Bode-Sporer
VonRueden-Crist
McDermott-Rice
Zulauf-Stanton
"Reinger, Spencer and Runolfsson"
Greenholt-Doyle
Runolfsdottir and Sons
Rowe Group
"Schneider, Russel and Kilback"
"Medhurst, Kris and Rowe"
Wisozk-Greenfelder
Barrows Inc
Koepp-Steuber
"Abshire, VonRueden and Stamm"
Dibbert-Hilll
Ledner-Rohan
"Heaney, Bechtelar and DuBuque"
Lueilwitz and Sons
Christiansen Inc
"O'Kon, Keebler and Littel"
"Dooley, Welch and Rowe"
Dicki LLC
"Stoltenberg, Lehner and Ullrich"
Sauer Inc
Kunde-Howell
Bartoletti-Hagenes
"Casper, Vandervort and Ernser"
Kreiger-Effertz
Hickle Inc
Predovic-Schneider
Hilpert and Sons
Mraz Inc
Roob-Corwin
Tremblay LLC
"Williamson, Keebler and Bogisich"
Shanahan-Kertzmann
"Stark, Leannon and MacGyver"
"Sauer, Tromp and Larson"
Considine-Connelly
Miller Inc
"Borer, Feest and Skiles"
White Inc
Bashirian Inc
Ebert Inc
Marquardt-Cummings
Conroy Group
Harber Inc
Littel-Raynor
"Johns, Schumm and Corkery"
Kulas-Doyle
Thompson-Schoen
Goodwin Inc
Kautzer Inc
"Prosacco, Kuhlman and Osinski"
Smith-Kiehn
Padberg-Mills
"Heidenreich, Stiedemann and Tremblay"
Treutel LLC
"Maggio, Crist and Sipes"
Jacobs and Sons
Trantow and Sons
Cormier and Sons
Wisozk-Osinski
Abbott and Sons
Kuvalis-Stracke
Collier Group
Pfannerstill and Sons
Waters-Emmerich
Daniel-Cremin
"Turner, Mueller and Langworth"
"Fisher, Watsica and Kertzmann"
Kub Group
"Wisozk, Larkin and Fritsch"
Klocko-Kshlerin
Kovacek Group
Shanahan Inc
"Denesik, Lakin and Nitzsche"
Hagenes and Sons
"Glover, Kshlerin and Harris"
Hettinger-Legros
O'Connell and Sons
"Funk, Borer and Kuhn"
Prohaska-Sawayn
"Lemke, Toy and Conroy"
Gorczany-Kris
"Reilly, Flatley and Powlowski"
Wyman Group
"Hoeger, Braun and Roob"
"Kuhic, Feeney and Schamberger"
Luettgen-Prohaska
"Effertz, Oberbrunner and Schowalter"
Reichel LLC
Kling Inc
Dooley and Sons
Padberg-Reichert
Corkery-Kiehn
Kozey and Sons
Schaefer-Hudson
Stokes-Hilpert
Botsford-Jacobi
Mertz-Torp
Hamill LLC
Williamson Inc
"Koch, Goodwin and Stoltenberg"
"Schulist, Weissnat and Skiles"
"Murazik, Rowe and Kozey"
Corwin-Olson
"Gorczany, Zboncak and Boyer"
Wolff-Schimmel
West and Sons
Shanahan and Sons
"Kirlin, Satterfield and Murray"
"Jenkins, Rohan and Ullrich"
Rath Inc
"Mayer, Donnelly and Thompson"
Ryan-Goldner
Schaefer-Bernhard
Wilkinson-Prohaska
Cormier-Abernathy
Orn-Daniel
Bernier-Rempel
Prosacco-Buckridge
Grimes Group
Kuvalis-Marks
"Bechtelar, Harber and Homenick"
"Crist, Rogahn and Deckow"
Pfeffer-Corwin
"Stracke, Hettinger and Hackett"
Bahringer-Auer
Emmerich and Sons
Stehr-Zemlak
"Abshire, Kuphal and Gerlach"
"Cremin, Stiedemann and Fahey"
"Rohan, Altenwerth and Luettgen"
"Friesen, Runte and Mraz"
"Wunsch, Erdman and Wehner"
Denesik-Nikolaus
"O'Keefe, Daniel and Pfannerstill"
"Hammes, Abbott and Ryan"
Parisian Inc
Stark Group
Glover and Sons
"Beahan, Denesik and Leuschke"
Rice and Sons
"Steuber, Cummerata and Rippin"
Johnson-Hickle
Cummings Group
Nicolas LLC
Hamill Group
Rodriguez Inc
"Gottlieb, Nader and Ullrich"
Lubowitz Group
Oberbrunner LLC
Williamson Inc
Nolan Group
Hagenes and Sons
Marks-Russel
Wilkinson and Sons
Herman Group
"Predovic, Bosco and Pouros"
Pollich-Weissnat
Torphy-Jaskolski
"Turner, Feeney and Jast"
"Schulist, Vandervort and Veum"
"O'Reilly, Bruen and Kunde"
Wiegand Inc
"Glover, Crooks and Kilback"
McCullough Group
Adams Group
Gottlieb Group
Renner-Koepp
Hansen-Williamson
Altenwerth-Prosacco
Hahn-Lemke
"Wolf, Kulas and Terry"
Moore and Sons
"Lubowitz, Ondricka and Gaylord"
Breitenberg Inc
Dicki-Wilderman
Kohler and Sons
Collier-Harber
Grant-Jacobs
Wiza and Sons
"Runolfsdottir, Williamson and Legros"
Schaden Inc
Hagenes-Bartoletti
Bode-Schamberger
"Ferry, Goldner and White"
Mann-McCullough
Tillman-Satterfield
Kunde-Ruecker
Bauch-Bins
"Mueller, Hyatt and Rippin"
Balistreri-Emard
Cole Inc
Gerlach LLC
Huels-Wilkinson
"Hermiston, Hartmann and Hilpert"
Hintz-Leffler
"Morar, Runte and Klein"
Raynor-Christiansen
Frami and Sons
Feil Group
"Collins, Zieme and Dicki"
Reinger Inc
Flatley-Brown
"Buckridge, Lang and Bernier"
Donnelly LLC
"Wolf, Crona and Medhurst"
Davis and Sons
Bahringer-Murazik
Carter-Russel
Blick-Wehner
"Kunze, Schinner and Schulist"
Dooley-Braun
Kling and Sons
Lowe Inc
"Fritsch, Abernathy and Abbott"
"Ryan, Bruen and Davis"
Dooley-Durgan
"Kris, Heaney and Lebsack"
"Rodriguez, Simonis and Beer"
"Carroll, Walter and Hand"
"Gislason, Ernser and Weissnat"
Parisian-Wintheiser
"Macejkovic, Mueller and DuBuque"
Wehner LLC
Padberg-Spencer
Conn-Kling
Stark LLC
"Crona, Parker and Schiller"
Walsh and Sons
Jerde-Sawayn
"Luettgen, Lockman and Block"
"Bradtke, Bayer and McKenzie"
Kuhic and Sons
Upton LLC
"Volkman, Boyle and Schinner"
Rodriguez-Schamberger
Shields LLC
Nader-Zieme
King-Wiza
Okuneva Group
"Reilly, Rohan and McGlynn"
"Gerlach, Watsica and Langosh"
Ebert LLC
Welch Group
Collins-Abshire
Sporer LLC
Schoen-Beatty
Rowe LLC
Strosin Inc
"Mohr, Gislason and Von"
Stehr-Steuber
"Vandervort, Kertzmann and Fisher"
Olson-Quitzon
Quitzon LLC
O'Conner-Nitzsche
"Reinger, Lehner and Treutel"
Vandervort-Nicolas
Spencer LLC
Ziemann-Stoltenberg
"Heaney, Gaylord and O'Keefe"
Fadel-Greenfelder
Hackett Group
"Schamberger, Skiles and Quitzon"
Kunde Inc
"Fisher, Davis and Pagac"
Gaylord Group
MacGyver-Russel
"Schmidt, Langworth and Gerhold"
Stark Inc
Macejkovic LLC
Schneider-Becker
Gerhold-Fisher
Sipes-Paucek
Hintz-Reinger
"Koepp, Wunsch and Dach"
Fay-Adams
"Trantow, Hettinger and Boyle"
Kuhic-Morar
"Harber, Kunze and Rath"
Champlin LLC
"MacGyver, Jacobs and Brekke"
"Lang, Cronin and Dare"
Cassin-Mayert
"Osinski, Bashirian and Cummings"
Herman Group
Yost-Dach
Gleichner-Kihn
"Stracke, Ankunding and Thiel"
"Schimmel, Crist and Beahan"
"Aufderhar, Herzog and Weissnat"
Sporer LLC
Mann-Kuhic
Baumbach-Breitenberg
Doyle Group
Wunsch-Ledner
Gerlach LLC
Tromp-Conroy
"Schulist, Tremblay and Bogisich"
"Daniel, Corkery and Stark"
"Rath, Lang and McKenzie"
Pfeffer-Lesch
Kessler and Sons
Turcotte-Rolfson
Torphy-Gusikowski
Terry and Sons
Swift-Kilback
Kemmer Inc
Ernser-Ziemann
Berge-Purdy
"Fritsch, Green and Sporer"
Tremblay Inc
VonRueden and Sons
Wolf LLC
Morar Inc
Lang-Herzog
Stracke-Volkman
Raynor-Hartmann
"Skiles, Boehm and Bogisich"
Senger-Muller
Ryan Group
"Strosin, Koch and Koch"
Volkman-Ankunding
"Hilpert, Klocko and Huels"
Kessler LLC
Gutmann-Turner
"Daugherty, O'Connell and Stracke"
McKenzie and Sons
Stamm-Quigley
Metz-Connelly
Satterfield-Eichmann
Thompson Inc
Rutherford-Ankunding
"Hackett, Haley and Morar"
Toy LLC
Cummerata Group
"Rohan, Lindgren and Rowe"
Stanton Inc
Bednar LLC
"Hermiston, McGlynn and McKenzie"
"Stanton, Wiza and Ortiz"
Feeney-Powlowski
"Stark, Stanton and King"
Weber-Willms
Reinger-Labadie
Kovacek Inc
Hayes Inc
Breitenberg and Sons
Swaniawski-Russel
"Kshlerin, Thiel and Bahringer"
Bayer LLC
Mann Inc
"Bahringer, Hammes and Lakin"
"Krajcik, Lueilwitz and Larkin"
Cremin LLC
Conn-Rogahn
"Franecki, Altenwerth and Ward"
Stoltenberg-Hills
"Legros, Ankunding and Lang"
Tremblay and Sons
"Cronin, Smith and Cole"
Dooley and Sons
Steuber LLC
Torp Group
"Pacocha, Lehner and Becker"
"Ullrich, Huels and Witting"
"Dickens, Cremin and Collier"
Runolfsdottir-Renner
"Denesik, Ankunding and Zulauf"
Larkin LLC
Kreiger LLC
"Miller, Labadie and Bashirian"
Dickinson-Mitchell
Conn Inc
"Daugherty, Metz and Botsford"
"Metz, Emard and Hahn"
"Gleichner, Brown and Gleichner"
Weimann-Nicolas
Gleason LLC
Turner Inc
Paucek Inc
Treutel and Sons
Ritchie-Fahey
O'Connell Group
Klocko Group
Treutel and Sons
O'Hara LLC
McClure-Wolf
Boyer and Sons
Effertz LLC
Hansen-Kuphal
"Conroy, Goodwin and Blick"
"Skiles, Prosacco and Ferry"
Goldner-Graham
"Halvorson, Trantow and Bashirian"
Herzog Inc
Pouros Inc
Ruecker-Towne
Wintheiser-Lueilwitz
"Osinski, Osinski and Cruickshank"
"Treutel, Smitham and Moen"
Stoltenberg Group
Kihn and Sons
Schoen LLC
Beahan-Hermann
Lueilwitz LLC
Zboncak-Cartwright
"Schimmel, Brekke and Fadel"
"Spencer, Orn and Eichmann"
"Okuneva, Rice and Kozey"
Cronin-Boyer
"O'Connell, Adams and Hilpert"
"Fahey, Kohler and Keebler"
Schmitt-Shanahan
"Moen, Moen and Bailey"
"Bashirian, Cronin and West"
"Ondricka, Murazik and Russel"
Cole and Sons
Cruickshank LLC
Beatty LLC
"Leannon, Hintz and Adams"
Kreiger Inc
Lubowitz-Cronin
"Wiza, Hills and Hand"
Becker and Sons
"Bosco, Franecki and Treutel"
Kerluke and Sons
Gusikowski-Lesch
Abbott Inc
"Thompson, Cassin and Weber"
Smith LLC
Carroll-Leffler
Batz Inc
Anderson Inc
Stiedemann Group
"Terry, Williamson and Gutkowski"
Hintz Group
Swaniawski Inc
Emmerich-Schmitt
Stamm-Baumbach
Legros Inc
Lebsack-Torp
Spinka-Glover
Stracke-Kris
Lueilwitz Inc
Brown LLC
Wuckert LLC
Hayes-Morar
Lockman-Gulgowski
Smith-Farrell
O'Reilly-Wolff
"Konopelski, Mertz and Dickinson"
Bogisich and Sons
"Durgan, Adams and Gerlach"
Dicki-Stroman
Runolfsdottir-Pfeffer
"Abbott, Hackett and Heaney"
Gleason-Lindgren
Bernhard-Ankunding
"Schmidt, Haag and Fadel"
Smitham-Kreiger
"Lubowitz, Little and Hansen"
"Schoen, Halvorson and Funk"
"Wisozk, Abbott and Spencer"
Murphy-Mraz
Block-Fritsch
"Torp, Muller and Schiller"
Jerde-Ryan
"Ward, Kiehn and Johns"
Konopelski and Sons
Hilpert-Larkin
"Koelpin, Quigley and Klein"
Stamm LLC
VonRueden-Hoeger
Weber-Hilpert
"Rolfson, Prohaska and Wolff"
Williamson-D'Amore
Macejkovic LLC
Hettinger-Wiegand
Fisher-Will
Moen-Cremin
Lehner-Armstrong
Prohaska and Sons
"Schowalter, Lubowitz and Huel"
"Fritsch, Bernhard and Torp"
Cartwright Group
"Jones, Jaskolski and Breitenberg"
"Ondricka, Kertzmann and Collins"
O'Reilly Group
"Sawayn, Nader and Weissnat"
Waters LLC
Kessler-Howe
VonRueden-Lehner
Mohr Group
"Watsica, Kshlerin and Crooks"
Steuber and Sons
Skiles LLC
Schoen-Kassulke
"Kerluke, Konopelski and Hilpert"
"Reichert, Ebert and Bradtke"
Hermiston-Mills
Lesch Inc
Stokes Inc
"Kihn, Schmeler and Nienow"
Robel LLC
Bauch Inc
Larson-Russel
"Ratke, Hermiston and Zemlak"
McKenzie-Crist
Lehner and Sons
Schiller Inc
Hand Inc
McClure Group
Mills and Sons
Volkman-Borer
"Donnelly, Crona and Roob"
Cremin LLC
Gulgowski-Nitzsche
"McCullough, Pfannerstill and Pollich"
Windler-Ullrich
Halvorson-Abbott
Lesch Group
Ziemann-Pfannerstill
Prosacco LLC
"Bergnaum, Wiegand and Crona"
"Jakubowski, Hane and Daugherty"
Terry-Jenkins
Hills-Jacobs
Kulas-Murray
"Mueller, Emmerich and Pollich"
Cole Group
"Kozey, Ryan and Watsica"
Rosenbaum Group
Stokes-Marquardt
DuBuque-Bauch
"Herzog, Spinka and Eichmann"
"Green, Fay and Johns"
Donnelly-Abshire
Dicki-Koss
Jenkins Inc
"Grant, Klein and Bernier"
"Sauer, Kreiger and Harvey"
Kirlin Group
Bruen-Cummings
Greenholt-Legros
Sporer-Hartmann
Schimmel Inc
"Welch, Rolfson and Harber"
"Abbott, Fadel and Graham"
"Gutmann, Denesik and Casper"
"Carter, Hane and Marvin"
Mills LLC
Erdman-Langosh
"Leannon, Strosin and Quitzon"
Runolfsdottir LLC
McClure-Hilpert
"McKenzie, Anderson and Gutkowski"
Batz LLC
Mante and Sons
Ritchie-Heathcote
Monahan LLC
"Leffler, Rohan and Wiza"
"Marks, Hayes and Cummings"
"Durgan, Wuckert and Schumm"
"Ziemann, Witting and Fisher"
"Yost, Quigley and Pfeffer"
"Bogisich, Hintz and Durgan"
Bogisich-Bartell
Gerlach and Sons
"Langosh, Kunze and Stiedemann"
Conn-Bogisich
"Gislason, Lowe and Gutmann"
"Denesik, McKenzie and Morar"
Will-Lehner
"Fahey, Metz and Schaefer"
Cole-Kohler
Brakus LLC
"Larson, Nolan and Hagenes"
Schaden Group
"Larkin, O'Conner and Rolfson"
Marks-Witting
"Pagac, Brakus and Altenwerth"
"Erdman, Krajcik and Stehr"
Moen Group
Kulas-Schamberger
"Renner, Schumm and Muller"
Kunze Group
O'Reilly-Wuckert
Langworth LLC
Rowe Group
Crooks-Smith
Metz Inc
Little and Sons
"Haley, Simonis and Simonis"
Koss-Greenholt
"Oberbrunner, Klocko and Murphy"
Kertzmann-Kilback
Stracke LLC
Feeney and Sons
Beer-Collins
Harris Group
Rau-McGlynn
Padberg Group
Watsica Group
Quigley-Schulist
"Mraz, Kirlin and Abshire"
Beahan Inc
Marquardt LLC
Schneider LLC
"Murphy, Wyman and Gutkowski"
Hayes-King
"Doyle, Davis and Runolfsdottir"
Corkery Inc
Beer LLC
"Harris, Kassulke and Wehner"
"Gibson, Hirthe and Wiegand"
"Legros, Davis and Walter"
"Dooley, Hane and Koss"
"Fisher, Ruecker and Bergnaum"
Schultz LLC
"White, Ziemann and Schuppe"
Rodriguez-McKenzie
Wiegand-Strosin
Kemmer Inc
"Hackett, Huel and Brakus"
Denesik and Sons
"Dietrich, Torphy and Howell"
Dach-Hayes
"Sawayn, Sanford and Gutmann"
Dach LLC
Gusikowski-Heaney
McGlynn Group
Kunze LLC
Roberts-Labadie
"Strosin, Stark and Krajcik"
Schoen Group
"Kertzmann, Dickinson and Pfannerstill"
"Corwin, VonRueden and Ullrich"
Graham-Donnelly
Nienow-Little
Beer and Sons
Bednar Inc
Schiller-Kunde
Will LLC
"Jones, Morissette and Barton"
Reinger-Howe
Morar LLC
"Franecki, Kemmer and Hirthe"
"Leffler, Schroeder and Hane"
Willms-Schneider
"Runolfsson, Mueller and Gibson"
"D'Amore, Dickinson and Kerluke"
Beatty-Nikolaus
"Stehr, Stark and Nolan"
O'Hara and Sons
Walker Group
"Feil, Funk and Ortiz"
Runte-Windler
Kerluke-Dibbert
Murphy LLC
Kohler Group
Mueller-Collins
"Collier, Brakus and Dach"
Stroman-Bogan
Gerhold LLC
Nikolaus Inc
"Bergnaum, Denesik and Gibson"
Upton-Blick
Gerhold and Sons
Prosacco and Sons
"Terry, Bartoletti and Cronin"
Willms Group
D'Amore-Greenholt
"Schmitt, Grant and Schuppe"
Huels-Marvin
"McLaughlin, Dickens and Harris"
Littel Group
Jacobson-Stehr
"Muller, Hyatt and McClure"
Pollich-Auer
"Konopelski, Jacobson and Murray"
Prohaska-Barton
Lind-Fahey
Hessel Group
Sipes-McDermott
Hickle-Sipes
Howe LLC
McDermott and Sons
Blick Inc
Gusikowski LLC
"Fisher, Aufderhar and Feeney"
Boyle-Baumbach
Harber Group
"Barton, Jaskolski and Schoen"
"Collier, Boehm and Walter"
D'Amore and Sons
Breitenberg-Pfannerstill
Pouros-Pfannerstill
"Ruecker, Nicolas and White"
"Conroy, Runolfsdottir and Volkman"
"Wolf, Dooley and Prohaska"
"Collins, Leuschke and Macejkovic"
Murazik-Hoppe
Gorczany-O'Reilly
Grimes-Labadie
Lindgren Group
Leuschke and Sons
Mertz and Sons
Runte Group
Kessler-Rempel
"Collins, Stracke and Oberbrunner"
Rohan-Hahn
Lindgren-Tillman
Haag-Ratke
"Ward, Borer and Bosco"
"Heaney, Bernhard and Mitchell"
"Hayes, Koelpin and Kuhic"
"Lowe, Pacocha and Reichert"
Beahan-Schiller
"Howell, Dicki and Hermann"
"Cartwright, Nader and Jakubowski"
Waters Inc
Jacobi LLC
"Funk, Mohr and Nienow"
"Reilly, Friesen and Reichert"
Quigley Inc
"Jaskolski, Bailey and Reinger"
Yundt Inc
West and Sons
Trantow-Hagenes
Armstrong and Sons
Frami-Mueller
Price and Sons
"O'Connell, Hilll and Kuhlman"
Jakubowski-Hudson
Mann LLC
Turner-Haag
Borer-Bruen
Windler-Stehr
Conroy-Jacobs
"Schumm, Rowe and Shields"
"Batz, Beatty and Rosenbaum"
"Gleason, O'Reilly and Bernier"
"Homenick, Cassin and Davis"
Mosciski Inc
"Cummerata, Corwin and Dicki"
Stroman-Cruickshank
Grant-Ward
"Klocko, Doyle and McGlynn"
Farrell-Schmidt
Mayer-Sanford
Runolfsson-Stark
"Botsford, Towne and Ankunding"
Erdman LLC
Kautzer LLC
"Goldner, Oberbrunner and Vandervort"
"Trantow, Kovacek and Hansen"
"Ullrich, Stanton and Gorczany"
"Trantow, Klein and Beahan"
Schimmel-Rath
"Volkman, Runolfsson and Osinski"
"McLaughlin, Graham and Keebler"
Schroeder-Ortiz
"Grady, O'Conner and Kihn"
Herman-McKenzie
"Ankunding, Marquardt and Donnelly"
"Beatty, Bashirian and Auer"
Padberg-Smitham
White-Greenfelder
"Streich, Morar and Wiza"
Braun-Grimes
Schmeler Inc
Reichert Group
Osinski-Nitzsche
Barton-Veum
Carter-Macejkovic
"Ullrich, Parisian and Hane"
Kozey and Sons
Witting-Doyle
O'Kon Inc
Spencer and Sons
Jenkins Inc
Kulas-Conn
"Dare, Funk and Boyer"
Ortiz-McDermott
"Erdman, Glover and Schinner"
Hodkiewicz and Sons
"Kihn, Bruen and Muller"
Will Group
Hamill and Sons
Wunsch Group
Bahringer-Rodriguez
Cormier-Nikolaus
"Schmidt, Mante and Hudson"
Christiansen-O'Connell
"Koss, Bergstrom and Rosenbaum"
"Lockman, Cruickshank and Emard"
Hills LLC
Nikolaus-Larkin
"Sipes, O'Hara and Green"
Leannon-Kris
"Leannon, Wilkinson and Rosenbaum"
"Boehm, Thompson and Oberbrunner"
"Oberbrunner, Fahey and Bayer"
"Goldner, Abbott and Frami"
"Schimmel, Murazik and Kulas"
Heaney-Dare
Keebler-Mante
Schulist and Sons
Haley Inc
Dicki and Sons
Reilly-Adams
"Bogan, Pouros and Block"
Reilly LLC
Paucek-Rippin
"Legros, Okuneva and Hettinger"
Jenkins Inc
Anderson Group
Boyle-Maggio
Gibson-Kuhn
Conn Group
"Bashirian, Kohler and Crona"
West Group
Schroeder-Hoeger
"Stanton, VonRueden and Barrows"
Kreiger-Legros
Beier Inc
"Hand, Walker and Paucek"
Senger-Hills
Torp Group
Anderson-Feil
"Fritsch, Heathcote and DuBuque"
Gusikowski-Rodriguez
Moen-Gaylord
Lindgren-Hudson
Osinski-Zemlak
Schinner LLC
"Dibbert, Fahey and McLaughlin"
Johnston-Cassin
Rath-Schaefer
Ward LLC
"Stoltenberg, Kilback and Berge"
Herman-Mohr
Champlin Inc
Mraz Group
Roberts-Hackett
O'Conner Inc
Towne LLC
D'Amore and Sons
"Gottlieb, Ebert and Greenholt"
Bosco-Adams
Ryan Group
Ernser and Sons
"Bartoletti, Mills and Pfannerstill"
Bashirian-Dickinson
Pollich Group
"Kertzmann, Bergstrom and Volkman"
Macejkovic and Sons
Littel-Gleichner
"Batz, Rippin and O'Conner"
Abshire-Pfeffer
"Emard, White and Gleichner"
Smith-Sauer
"Thiel, Bailey and Upton"
Klein-Weimann
Ernser-Medhurst
Waelchi-Hand
Hamill-Nolan
"Cronin, Nader and Hackett"
Hodkiewicz and Sons
"Doyle, Hahn and Gutmann"
Kreiger and Sons
Kozey-Christiansen
"Waelchi, Mueller and Weimann"
Reichert-Bode
Denesik-Gutkowski
Gutmann Inc
"Leuschke, Kulas and Turcotte"
Kunde-Graham
"Predovic, Grimes and Sauer"
Blick-Rempel
Wyman and Sons
Rutherford-Schulist
Cartwright and Sons
"Grady, Pfeffer and Ferry"
Murray Inc
Mertz-Jones
"Schinner, Koepp and Auer"
"Jaskolski, Connelly and Auer"